Country,SH.MED.BEDS.ZS,SH.MED.PHYS.ZS,SH.MED.NUMW.P3,SH.UHC.SRVS.CV.XD,SH.XPD.CHEX.GD.ZS,SH.XPD.CHEX.PC.CD,SH.XPD.CHEX.PP.CD,SH.XPD.OOPC.CH.ZS,SH.XPD.OOPC.PC.CD,SH.XPD.OOPC.PP.CD,SH.STA.DIAB.ZS,SP.DYN.LE00.FE.IN,SP.DYN.LE00.IN,SP.DYN.LE00.MA.IN,SP.DYN.AMRT.FE,SP.DYN.AMRT.MA,SH.DYN.NCOM.ZS,SH.DYN.NCOM.FE.ZS,SH.DYN.NCOM.MA.ZS,SH.DTH.COMM.ZS,SH.DTH.INJR.ZS,SH.DTH.NCOM.ZS,SH.H2O.BASW.ZS,SH.STA.BASS.ZS,SP.POP.80UP.FE.5Y,SP.POP.80UP.MA.5Y,SP.POP.65UP.FE.ZS,SP.POP.65UP.MA.ZS,SP.POP.65UP.TO.ZS,SP.POP.0014.FE.ZS,SP.POP.0014.MA.ZS,SP.POP.0014.TO.ZS,SP.POP.1564.FE.ZS,SP.POP.1564.MA.ZS,SP.POP.1564.TO.ZS,SP.POP.TOTL
ABW,,1.12,,,,,,,,,11.6,78.507,76.152,73.628,68.514,110.63,,,,,,,97.8690233809859,97.5434811165022,2.85781087011259,1.72756946103017,14.8411927628503,12.1268211129687,13.5509471396854,16.6396892198122,19.0908367168219,17.8024469743493,68.5191180173375,68.7823421702094,68.6466058859653,105845.0
AFG,0.5,0.284,0.32,37.0,11.7771938443184,67.1226501464844,174.73063659668,75.482577085495,50.6659126281738,132.750457763672,9.2,66.026,64.486,63.047,192.532,237.554,29.8,27.7,31.8,36.4,19.5,44.1,67.0646234205214,43.4176100145511,0.32098229099271,0.233325824490103,2.85168676664079,2.33214265531168,2.58492693988024,43.2234155668612,42.963931941074,43.0901755117794,53.924897666498,54.7039254036143,54.3248975483403,37172386.0
AGO,0.8,0.2149,1.3123,40.0,2.79150027781725,114.45964050293,185.854034423828,34.1210126876831,39.0547943115234,63.415283203125,4.5,63.666,60.782,58.064,220.291,327.044,16.5,16.0,17.2,63.4,9.2,27.4,55.8429048722414,49.8769787577501,0.337248804110499,0.2075326253215,2.43095469211594,1.99722349415499,2.21637364776329,46.1819021284752,47.4493550781457,46.8089247095412,51.3871431794089,50.5534214276993,50.9747016426956,30809762.0
ALB,2.9,1.1998,3.5998,59.0,,,,,,,9.0,80.167,78.458,76.816,49.486,93.315,17.0,13.1,20.7,2.9,4.0,93.1,91.0392276676191,97.7183683821447,3.03395389713644,2.44807869374057,14.5387415783404,12.9788964134527,13.7447359109736,16.9576465381137,18.3626673277144,17.672873724304,68.5036118835458,68.6584362588329,68.5823903647225,2866376.0
AND,2.5,3.3333,4.0128,,10.3205524384975,4040.78662109375,5237.24169921875,41.7770534753799,1688.12145996094,2187.96533203125,7.7,,,,,,,,,,,,99.9999962826959,99.9999962826959,,,,,,,,,,,,77006.0
ARE,1.2,2.3944,5.5857,76.0,3.33428233861923,1357.01745605469,2468.54931640625,18.8674405217171,256.034484863281,465.752105712891,16.3,79.164,77.814,77.133,44.863,69.555,16.8,15.5,17.3,6.5,16.8,76.8,98.0455065574262,98.586008743698,0.163864476791062,0.0976893899532615,1.20524271430067,1.03257954627275,1.08500098484481,23.6329517059021,10.6630528877424,14.6035093701468,75.1618055797973,88.3043675659849,84.3114896450084,9630959.0
ARG,5.0,3.96,2.58,76.0,9.12431478500366,1324.603515625,1916.50415039063,15.0185272097588,198.935943603516,287.830688476563,5.9,79.863,76.52,73.082,79.483,147.086,15.8,12.2,19.7,15.9,6.5,77.6,99.078374648261,94.2585054176821,3.4475320307634,1.77481880389002,12.8326577861866,9.31610791268895,11.1177888760774,23.7206645801837,25.8538763968927,24.7609338351238,63.4466776336297,64.8300156904184,64.1212772887989,44494502.0
AUS,3.8,3.5874,12.6612,87.0,9.20594781637192,5331.81787109375,4816.15380859375,18.1521028280258,967.837036132813,874.233215332031,5.6,84.9,82.7487804878049,80.7,44.673,75.835,9.1,7.2,11.0,4.6,5.9,89.5,99.9699355966804,99.9911523822512,4.67924906904907,3.40801882417612,16.5389515247849,14.7675277800315,15.6564752275591,18.6121300328616,19.7734175935011,19.1906170385658,64.8489184423535,65.4590546264674,65.1529077338752,24982688.0
AUT,7.6,5.1441,8.1778,79.0,10.3966169059277,4939.87548828125,5617.396484375,19.2032665014267,948.617431640625,1078.72351074219,6.6,84.0,81.6439024390244,79.4,41.779,79.032,11.4,8.5,14.4,2.6,5.2,92.2,100.0,99.9729096123263,6.55386653077959,3.92008680806524,21.2088048981301,16.7191757259471,19.0015664595899,13.6404540475046,14.9777993496715,14.2979476320233,65.1507410543654,68.3030249243815,66.7004859083869,8840521.0
AZE,4.7,3.4466,6.9621,65.0,6.65182918310165,275.809356689453,1163.86193847656,83.8561415672302,231.283081054688,975.969787597656,6.1,75.336,72.864,70.345,89.073,149.499,22.2,16.1,28.7,8.8,4.6,86.6,91.3857399436573,92.5114453471259,1.73714498870402,0.982339804628094,7.22116766289933,5.16465817169872,6.19518275071493,21.718072673343,25.028408793267,23.3695698603865,71.0607596637577,69.8069330350343,70.4352473888986,9939800.0
BDI,0.8,0.05,0.68,42.0,7.51757025718689,23.5004329681396,59.188663482666,25.4629760980606,5.98391008377075,15.0711965560913,5.1,63.031,61.247,59.435,253.135,310.651,22.9,22.7,23.1,55.8,12.1,32.1,60.8305489209566,45.8212048667364,0.356300585871955,0.227288725085867,2.50374056163706,1.98580280225899,2.24694046033717,44.8103045884637,46.2046771698736,45.5016807491186,52.6859548498993,51.8095200278674,52.2513787905443,11175378.0
BEL,6.2,3.3234,11.1011,84.0,10.338669270277,4507.3564453125,5119.07470703125,17.6382228732109,795.017578125,902.913818359375,4.6,83.9,81.5951219512195,79.4,49.245,80.262,11.4,8.6,14.1,7.9,6.4,85.7,100.000003337637,99.486060200783,7.12120189712347,4.2684741168814,20.9131834657207,16.6128676296906,18.7887437383395,16.3930726624729,17.7337807890196,17.0554227603857,62.6937438718065,65.6533515812898,64.1558335012748,11433256.0
BFA,0.4,0.06,0.5696,40.0,6.91505968570709,44.403491973877,129.064270019531,31.6775947809219,14.0659589767456,40.8844604492188,7.3,61.863,61.174,60.361,228.16,260.379,21.7,21.2,22.5,56.3,11.0,32.7,47.8881273382888,19.4020870942332,0.312584894859738,0.178068625002207,2.91698738058123,1.89502270192355,2.40698082866355,44.0629083038492,45.8366415153526,44.9480813221662,53.0201043155695,52.2683357827238,52.6449378491703,19751535.0
BGD,0.8,0.5268,0.3067,48.0,2.27424874901772,36.2823371887207,94.3020172119141,73.8847374916077,26.807107925415,69.6747970581055,9.2,74.291,72.32,70.637,114.505,151.411,21.6,20.4,22.6,25.6,7.5,66.9,97.0160055709065,48.2332427177019,1.06714091750227,0.925676649434137,5.16853184550647,5.14849709986703,5.15839063962068,27.444213142561,27.961512157683,27.706022482501,67.3872550119326,66.8899907424499,67.1355868778783,161356039.0
BGR,6.8,3.9879,5.3029,66.0,8.09560343623161,663.715087890625,1689.68713378906,46.5525686740875,308.976409912109,786.5927734375,6.0,78.4,74.8658536585366,71.5,86.496,183.956,23.6,15.5,32.0,2.2,2.6,95.2,99.1083428248685,86.0036981124037,5.96623216359801,3.47833929591438,24.3961902303145,17.4519984740618,21.021914434268,13.7958103125041,15.4415136325997,14.5954653179814,61.8079994571815,67.1064878933384,64.3826202477506,7025037.0
BHR,2.0,0.9257,2.4944,77.0,4.74810488522053,1127.18627929688,2265.28125,30.5521756410599,344.379943847656,692.092712402344,15.6,78.285,77.163,76.312,56.217,72.073,11.3,11.9,10.9,6.9,10.1,83.0,100.0,100.0,0.506780445391821,0.246452367224037,3.09134318730016,2.04539448395157,2.42633387832394,25.8394920626017,15.4880597732078,19.2543101196218,71.0691647500982,82.4665457428407,78.3193560020542,1569439.0
BIH,3.5,2.0003,6.2998,61.0,8.93166735768318,460.473327636719,1172.36730957031,29.1393101215363,134.178741455078,341.619750976563,9.0,79.72,77.262,74.752,59.775,115.278,17.8,12.9,23.1,1.8,3.7,94.5,96.1423560850213,95.3602353087281,4.14307064239771,2.62930835956091,18.5847811393798,14.2693175711983,16.4703174710621,14.1035909207256,15.4558378751823,14.7662176493152,67.3116279398946,70.2748445536194,68.7634648796227,3323929.0
BLZ,1.3,1.1262,1.6947,64.0,5.64282275736332,280.498809814453,481.028198242188,24.1548627614975,67.7541046142578,116.191703796387,17.1,77.666,74.496,71.579,117.655,213.827,22.1,18.5,25.5,19.4,13.2,67.4,97.9925797872174,87.8585235497944,1.03134605482829,1.04770490256711,4.59866959999584,4.87374081489324,4.73645877657144,29.7264826574714,30.8378494533486,30.2797653698662,65.6748477425327,64.2884097317582,64.9837758535624,383071.0
BMU,6.3000001907,1.766,,,,,,,,,6.7,85.57,81.6517073170732,77.92,,,,,,,,,99.9031400170636,99.9031400170636,,,,,,,,,,,,63973.0
BOL,1.1,1.6111,0.7357,68.0,6.44316077232361,220.274566650391,491.677062988281,25.0778466463089,55.2401237487793,123.302024841309,6.8,74.209,71.239,68.434,138.315,219.194,17.2,16.8,17.7,22.4,13.1,64.5,92.8487351793025,60.7169375713243,1.8807748577976,1.36894923683088,7.76018453005576,6.62859722782781,7.19194739218447,30.5301028188534,31.6122803758743,31.0735477456373,61.7097126510909,61.7591223962979,61.7345048621782,11353142.0
BRA,2.2,2.1499,9.7083,79.0,9.46747660636902,928.79931640625,1472.23095703125,27.4554938077927,255.006439208984,404.208312988281,10.4,79.362,75.672,72.024,91.421,188.528,16.6,13.5,20.0,13.9,12.2,73.9,98.1933926745912,88.2938494055597,2.2316250996813,1.38043098835871,9.99222704938913,7.81741651750992,8.92283783244003,20.5349303266616,22.1601441194372,21.3340719108545,69.4728426239492,70.0224393630529,69.7430902567055,209469333.0
BRB,5.8,2.4886,6.0273,77.0,6.77912682294846,1183.83618164063,1343.23168945313,46.3035732507706,548.158508300781,621.964233398438,13.4,80.392,79.081,77.682,91.939,129.531,16.2,12.9,19.7,13.0,4.2,82.8,98.4944475807257,97.2793784985907,5.03595179421395,3.67803645551344,17.1231813118185,14.3894603862119,15.8026939621338,16.4703102319144,18.2754015520664,17.342948147683,66.4065084562671,67.3351380617217,66.8543578901832,286641.0
BRN,2.7,1.7701,6.6012,81.0,2.37320773303509,671.411499023438,1874.95129394531,5.17660900950432,34.75634765625,97.0588989257813,13.3,76.96,75.722,74.593,98.803,143.719,16.6,14.8,18.5,7.8,7.4,84.8,99.9000090900827,96.3490419463857,0.830842101176379,0.685945519147256,5.20974880614978,4.56115637224994,4.87314756750582,23.2368870598284,22.8322506549905,23.0264614896856,71.5533641340218,72.6065929727596,72.1003909428086,428962.0
BWA,1.8,0.3688,3.3004,61.0,6.13456815481186,465.929321289063,1044.29724121094,2.99324225634336,13.9463930130005,31.2583484649658,5.8,72.049,69.275,66.204,161.962,249.384,20.3,17.9,23.4,46.0,8.3,45.7,90.3377133593968,77.2692247843667,0.658207309145608,0.329681136669237,4.85521154396996,3.54892047120414,4.22387434629301,32.6323318291045,35.6959102811435,34.1129460158256,62.5124566269255,60.7551692476524,61.6631796378814,2254126.0
CAN,2.7,2.6102,9.9056,89.0,10.5727694928646,4754.94775390625,4928.6279296875,14.2197504639626,676.141723632813,700.838562011719,7.6,84.1,81.9487804878049,79.9,51.763,82.625,9.8,8.1,11.5,5.6,6.1,88.3,99.4362440848302,99.2860128514909,5.17041754242233,3.44384967889239,18.5204478409321,15.9239328623382,17.2320066788651,15.3758687905652,16.3722009005922,15.8702508744405,66.1036833685027,67.7038662370697,66.8977424466943,37057765.0
CHE,4.7,4.2363,17.2828,83.0,12.3463220894337,9956.259765625,8216.9580078125,28.9469867944717,2882.037109375,2378.5615234375,5.7,85.6,83.5512195121951,81.6,35.896,58.204,8.6,6.6,10.6,4.3,6.1,89.6,100.000002880374,99.8903735152104,6.31846878342175,3.9802980887717,20.3428899461344,16.8738725608036,18.6232165647717,14.4052109893371,15.4254503604966,14.9109547691069,65.2518990645284,67.7006770786997,66.4658286661214,8513227.0
CHL,2.2,1.08,0.86,70.0,8.9835099875927,1381.98620605469,2228.55688476563,33.5341811180115,463.437713623047,747.328308105469,8.6,82.381,80.042,77.552,59.035,107.669,12.4,10.1,14.8,8.1,7.1,84.7,99.8327911983629,100.000001352226,3.41640396810778,1.985226933853,12.9752808988764,10.041929189148,11.5298016568816,19.123100807831,20.4032197941662,19.7539024707995,67.9016182932926,69.5548510166859,68.7162958723189,18729160.0
CHN,4.2,1.7855,2.3073,79.0,5.15119321644306,440.825622558594,841.114929199219,36.0504120588303,158.919448852539,303.225372314453,9.2,79.051,76.704,74.549,60.272,93.777,17.0,14.1,19.8,3.8,7.0,89.3,92.8461355129662,84.7607877105451,2.17991235149794,1.39566194543666,11.8885814188649,10.0030083756477,10.9208835350654,17.074491701157,18.6382085233776,17.8770027525543,71.0369268799782,71.3587831009747,71.2021137123803,1392730000.0
CMR,1.3,0.0898,0.9337,46.0,4.67066690325737,67.8118133544922,173.862335205078,70.9576010704041,48.1176338195801,123.368545532227,6.0,60.192,58.921,57.656,281.332,317.692,21.6,20.9,22.3,53.9,10.9,35.2,60.3848639473574,39.075550156475,0.371297984536454,0.245414325454455,3.02985722114583,2.42784886253157,2.72887735524057,42.2603122687665,43.0028957145376,42.6315798448676,54.7098305100876,54.5692554229308,54.6395427998918,25216237.0
COD,0.8,0.09,0.47,41.0,3.97872291505337,19.4316463470459,37.3322334289551,40.1247203350067,7.79689359664917,14.9794540405273,6.0,61.901,60.368,58.852,224.637,273.573,19.4,19.2,19.7,61.7,10.3,28.0,43.2433220399021,20.4559768639167,0.45039657764134,0.311127929323779,3.30648643015587,2.72806400190695,3.01784062159803,45.680987919689,46.6521985012589,46.1656420864844,51.0125256501551,50.6197374968342,50.8165172919176,84068091.0
COL,1.5,2.0835,1.2627,76.0,7.22628086805344,459.197570800781,1039.15979003906,16.3084268569946,74.8879013061523,169.470611572266,7.4,79.859,77.109,74.33,77.999,151.616,15.8,13.5,18.3,10.1,15.0,74.8,97.3001096098102,89.6253577567162,2.03518142704334,1.48426927656809,9.25801284256447,7.66841685001465,8.47804701986958,22.1479710225385,24.0431779368572,23.077895979964,68.5940161348971,68.2884052131282,68.4440570001664,49648685.0
CPV,2.1,0.7694,1.2272,69.0,5.16548864543438,167.589614868164,357.071716308594,28.8964778184891,48.4274978637695,103.18115234375,2.4,76.007,72.782,69.316,85.514,182.203,17.2,15.9,19.0,19.5,10.1,70.3,87.0832080132923,73.8537867599119,1.69768695228462,0.847668819127337,5.9668214604759,3.26240718887659,4.60932715666821,28.5635183722287,28.9904202062551,28.7777669479759,65.4696601672954,67.7471726048683,66.6129058953559,543767.0
CRI,1.2,1.1497,0.7957,77.0,7.32879638671875,869.077758789063,1262.16430664063,21.2553903460503,184.725845336914,268.277954101563,9.1,82.73,80.095,77.539,56.969,113.079,11.5,9.4,13.7,6.4,10.2,83.3,99.7015139130359,97.8183602521861,2.37343683380703,1.75238043412588,10.2260446505779,8.87341656166762,9.54984767296984,20.825377347699,21.8242505988847,21.3247441063911,68.9485780017231,69.3023328394477,69.1254082206391,4999441.0
CUB,5.2,8.19,7.79,83.0,11.7113269865513,987.627014160156,2485.81079101563,10.4826636612415,103.52961730957,260.579162597656,9.6,80.706,78.726,76.763,73.993,113.198,16.4,13.8,19.0,8.4,7.9,83.7,95.3275823079684,92.8102417631483,4.09119837835906,3.05465809699798,16.3669663552961,13.9898112951567,15.1862114171521,15.6553956920256,16.7744978365695,16.2112389922363,67.9776379526783,69.2356908682738,68.6025495906116,11338138.0
CYP,3.4,1.9511,5.2517,78.0,6.68456926941872,1731.69445800781,2430.17602539063,44.6320354938507,772.890502929688,1084.63708496094,9.0,82.913,80.828,78.735,32.883,64.711,11.3,7.5,15.2,4.1,4.7,91.1,99.6132861489321,99.1523114561557,3.77612163819838,2.46615404008572,14.9528763038734,12.4865750661793,13.7190617734483,16.2751330586064,17.3002226984327,16.787847956511,68.7719906375202,70.213202235388,69.4930902700408,1189265.0
CZE,6.5,4.314,8.4071,76.0,7.23133906722069,1475.91516113281,2753.3837890625,14.8091018199921,218.569793701172,407.751403808594,7.0,82.0,78.9780487804878,76.1,51.325,108.785,15.0,10.2,20.0,5.4,4.7,89.9,99.8802587968555,99.1340992258206,5.34618323660414,2.83741960028193,22.1465964431977,16.606017842419,19.4208768932343,14.9256857389657,16.2691519342629,15.5866055197434,62.9277178178366,67.124830223318,64.9925175870224,10629928.0
DEU,8.3,4.2087,13.1967,83.0,11.2468346953392,5033.4521484375,5922.63818359375,12.6729190349579,637.88525390625,750.571166992188,10.4,83.4,80.9926829268293,78.7,48.026,86.511,12.1,8.9,15.2,4.8,4.0,91.2,100.0,99.2250375649813,8.18380735564631,5.07035282230536,23.8288649227272,19.0311187010646,21.4619619953309,13.0200225199355,14.2382857454951,13.6210301045356,63.1511125573373,66.7305955534403,64.9170079001335,82905782.0
DJI,1.4,0.2203,0.535,47.0,3.31651791930199,70.3308944702148,117.189079284668,26.5042155981064,18.6406536102295,31.0600490570068,5.1,68.778,66.582,64.629,178.345,232.137,19.6,18.2,21.2,45.2,10.4,44.4,75.6323076781448,63.6053572453779,0.706059518593781,0.513758341390734,4.95386505390667,4.14473997051784,4.52757937811482,29.664847394713,29.4924630284202,29.5741159613441,65.3812875513803,66.362797001062,65.898304660541,958920.0
DMA,3.8,1.0825,5.8999,,5.87688907980919,439.594451904297,656.67138671875,30.9549570083618,136.076263427734,203.272338867188,11.6,78.8,76.5975609756098,74.5,105.0,183.0,,,,,,,96.5,77.8927614955628,,,,,,,,,,,,71625.0
DNK,2.5,4.4567,10.3004,81.0,10.1082794368267,5800.1513671875,5509.99560546875,13.7384653091431,796.851867675781,756.988830566406,8.3,83.4,81.3512195121951,79.4,51.652,82.426,11.3,9.5,13.1,6.5,3.8,89.7,99.9999989354737,99.5972288164915,5.4657626049592,3.56907491645087,21.2302003085927,18.3800400868023,19.8129526369902,15.9378222431547,16.98444879598,16.4582625623987,62.8319774482526,64.6355111172177,63.7287848006111,5793636.0
DOM,1.6,1.56,0.3099,74.0,6.13639503717422,433.208587646484,985.729248046875,44.7381973266602,193.809692382813,440.997497558594,8.6,77.196,73.892,70.805,114.55,197.349,19.0,16.5,21.7,15.8,12.0,72.3,96.6902247501612,83.8932063216788,1.76264422601075,1.41201958686141,7.5244966413907,6.6411054925467,7.08281747649721,27.4112120234788,28.5431542451219,27.9771295026574,65.0642913351305,64.8157402623314,64.9400530208454,10627165.0
DZA,1.9,1.83,2.24,78.0,6.37432187795639,258.494293212891,974.807678222656,32.5488388538361,84.1368942260742,317.288604736328,6.7,77.938,76.693,75.494,80.672,102.851,14.2,13.2,15.2,14.8,9.5,75.7,93.55588814365,87.5865709329942,1.36021372462712,1.18175549748212,6.57153171964081,6.15773219126783,6.36249654497986,29.8275369821685,30.4632717627462,30.1486785862257,63.6009312981907,63.378996045986,63.4888248687945,42228429.0
ECU,1.5,2.05,1.2,77.0,8.25742930173874,518.029602050781,958.857666015625,39.3985062837601,204.095932006836,377.775604248047,5.5,79.645,76.8,74.058,88.072,161.14,13.0,12.2,13.9,15.1,12.8,72.2,93.9945365448314,87.9887160353163,1.76344337420836,1.31184512164103,7.69527481091196,6.61992386276766,7.15728972666108,27.4332884198857,28.623181538558,28.0285920021109,64.8714367692023,64.7568945986743,64.814118271228,17084357.0
EGY,1.6,0.7902,1.3989,68.0,5.28763681650162,105.768455505371,613.808776855469,60.0825130939484,63.5483512878418,368.791748046875,17.2,74.162,71.825,69.599,105.456,182.7,27.7,23.8,31.5,10.2,5.8,84.1,99.1057304582077,94.1930218824391,0.988303008774181,0.593765076616204,5.8435972893725,4.6288843606622,5.22977934620923,33.1389106227036,34.4446438630046,33.7987207092348,61.0174920879239,60.9264717763332,60.971499944556,98423595.0
ESP,3.0,4.0691,5.5307,83.0,8.87312963604927,2506.46484375,3468.69213867188,23.5657900571823,590.668273925781,817.424682617188,6.9,86.1,83.3341463414634,80.7,37.537,74.537,9.9,6.4,13.6,5.1,3.5,91.4,99.9262783083572,99.9042308892552,7.65694264517897,4.67746876668828,21.5748985518638,17.1046901913331,19.3785075224995,13.9608928201814,15.3980344529017,14.6670011075355,64.4642086279548,67.4972753557652,65.954491369965,46796540.0
EST,5.0,3.4651,6.4526,75.0,6.42935782670975,1300.48168945313,2153.33959960938,23.6646249890327,307.754089355469,509.579650878906,4.2,83.0,78.5439024390244,74.3,56.077,154.542,17.0,10.3,25.0,2.8,4.5,92.7,99.7128268353268,99.1465538894863,7.95170970911135,3.14651675159787,24.3808194534022,14.293777519795,19.6263568469749,15.0197848902643,17.8568794276203,16.3570737459559,60.5993956563335,67.8493430525847,64.0165694070692,1321977.0
ETH,0.3,0.1,0.84,39.0,3.50255742669106,25.2619533538818,66.6621627807617,34.4089895486832,8.6923828125,22.9377784729004,4.3,68.165,66.24,64.35,184.812,236.779,18.3,18.0,18.7,49.0,11.7,39.3,41.0599521347594,7.31633289543501,0.547960578097338,0.454539763915115,3.76425745879959,3.23818330959287,3.50113299760986,40.2852885809937,41.2803349865757,40.7829819073234,55.9504539602067,55.4814817038314,55.7158850950668,109224559.0
FIN,4.4,3.808,14.723,78.0,9.20693874359131,4205.74267578125,4255.2236328125,20.2274233102798,850.713317871094,860.72216796875,5.6,84.6,81.8341463414634,79.2,44.026,89.21,10.2,7.2,13.3,1.3,5.5,93.2,100.000002210125,99.4478441199711,6.88880106615372,3.92274373431006,24.0503274252909,19.323509785823,21.7207875455222,15.5489438602091,16.758699652543,16.1451829725838,60.4007287145001,63.9177905616339,62.134029481894,5515525.0
FRA,6.5,3.2349,9.6887,78.0,11.3128922879696,4379.72705078125,5011.20068359375,9.38421934843063,411.003204345703,470.262023925781,4.8,85.6,82.5268292682927,79.6,48.187,95.352,10.6,7.2,14.1,6.0,6.4,87.6,100.000001502877,98.6500115526393,7.63916641923836,4.56728527775527,22.1365594286413,17.7960379016483,20.0346247469881,17.0104205052358,18.9640639872369,17.9564644444787,60.8530200661229,63.2398981111148,62.0089108085333,66977107.0
GAB,6.3,0.3611,2.5806,49.0,2.78074592351913,204.492248535156,499.612976074219,25.1563906669617,51.44287109375,125.684600830078,6.0,68.323,66.187,64.152,182.317,238.333,14.4,13.9,14.9,49.9,9.1,41.0,85.7710036556955,47.413276717843,0.681796982206926,0.385315219163665,4.06212526408815,3.08363350676687,3.56390746835592,37.3658403364173,36.6982404648612,37.0258696960045,58.5720343994946,60.2181260283719,59.4102228356395,2119275.0
GBR,2.8,2.8058,8.2878,87.0,9.63169410824776,3858.67431640625,4338.37255859375,15.9568220376968,615.721801757813,692.266357421875,3.9,83.2,81.3560975609756,79.6,55.36,86.107,10.9,9.0,12.9,7.7,3.5,88.8,100.00000147558,99.1102954789708,5.9184161082093,4.13800198857692,19.6896801408744,17.0690620907574,18.3958656741466,17.0514998320606,18.3206828443076,17.6780820689573,63.258820027065,64.610255064935,63.926052256896,66460344.0
GHA,0.9,0.18,1.2,47.0,3.26237045228481,66.7494125366211,146.866897583008,40.2916967868805,26.8944721221924,59.175163269043,2.5,64.852,63.78,62.724,214.333,254.991,20.8,23.2,18.2,47.5,9.8,42.7,81.453389676073,18.4721656151096,0.373264823580508,0.279961164752472,3.36445735109198,2.78121495720532,3.06889800693396,37.3044566959069,37.8799123720891,37.5960615850344,59.3310859530012,59.3388726707055,59.3350404080317,29767108.0
GMB,1.1,0.1077,1.6292,44.0,3.2820712774992,23.2723255157471,55.7659721374512,22.0314085483551,5.12722110748291,12.2860288619995,1.9,63.151,61.735,60.362,224.406,279.951,20.4,18.9,21.9,54.8,10.9,34.3,77.9915668246608,39.2311499837464,0.275318369495699,0.243793091556376,2.62518327728058,2.55412392329139,2.58998093938232,43.5150080707265,45.0347827394138,44.2687450605107,53.8598086519929,52.4110933372949,53.141274000107,2280102.0
GRC,4.3,4.592,3.3728,75.0,8.04139003157616,1516.58776855469,2295.32836914063,34.7502082586288,527.017395019531,797.631408691406,4.7,83.9,81.2878048780488,78.8,42.478,93.96,12.4,7.7,17.3,10.9,2.9,86.2,100.0,98.9831907753857,8.39676589590683,6.13905853892866,23.6517706770307,19.5848291397186,21.6552720778435,13.3966287057443,14.7708770877475,14.0712448654023,62.9516006172251,65.6442937725339,64.2734830567542,10731726.0
GRL,14.3534002304077,1.135,,,,,,,,,2.1,73.0,70.8487804878049,68.8,179.565616396452,261.031696706029,,,,,,,99.9999974672247,99.5972321483041,,,,,,,,,,,,56025.0
GTM,0.6,0.355,0.947,55.0,5.81384375691414,259.935028076172,474.8486328125,54.1341066360474,140.713516235352,257.055053710938,10.0,76.937,74.063,71.119,111.16,201.48,14.9,15.0,14.9,25.1,15.7,59.2,94.1905807380076,65.0631350754195,1.17451954614211,0.935174985011108,5.24449225513624,4.36638315328609,4.81207250828785,33.1872703500063,35.7219441617265,34.4353953933618,61.5682373948574,59.9116726849874,60.7525320983504,17247807.0
GUM,,1.084,,,,,,,,,18.7,83.365,79.859,76.607,39.075,79.819,,,,,,,99.6952,90.3507655120101,2.56194620156739,1.43329789902416,10.9583531390544,8.76461665253276,9.84991071859466,24.052067717284,24.8689129629851,24.4637083152357,64.9895791436616,66.3664703844822,65.6863809661696,165768.0
GUY,1.6,0.799,1.3398,72.0,4.94550988078117,230.527282714844,405.077758789063,32.4706435203552,74.8536911010742,131.531341552734,11.6,72.972,69.774,66.783,182.082,268.873,30.5,28.8,32.4,20.0,12.4,67.6,95.5397476791324,85.7631015015164,1.46646460897713,1.0780078721429,7.03748376322138,5.86702267780736,6.45027124309697,27.7440155873075,28.6824262977655,28.214545202476,65.2185006494711,65.4505510244272,65.335183554427,779004.0
HKG,4.89090013504028,1.319,,,,,,,,,4.5,87.7,84.9341463414634,82.3,33.104,61.901,,,,,,,100.0,96.4362244897959,5.42435609053178,4.31292927657006,16.7018172406586,17.0783648289519,16.8750483265122,10.4229060507532,13.6310485206752,11.9008970757204,72.8752767085883,69.2905866503729,71.2240545977674,7451000.0
HND,0.7,0.3144,0.8815,65.0,7.85842537879944,195.935745239258,394.759613037109,48.7016767263412,95.4239883422852,192.25456237793,7.3,77.378,75.088,72.771,115.541,166.999,14.0,12.1,16.1,14.0,19.6,66.5,94.8271094382459,81.2512629376572,1.20341974103531,0.855371368445934,5.15086823110261,4.229477737772,4.69061765907812,31.0311447846532,32.4520555410896,31.7408815333097,63.8179869842442,63.3184667211384,63.5685008076122,9587522.0
HRV,5.6,2.9962,8.1134,71.0,6.78913369774818,902.1396484375,1772.48168945313,10.9732516109943,98.9940567016602,194.498886108398,5.4,81.4,78.0707317073171,74.9,49.809,117.544,16.7,10.7,22.8,2.3,5.3,92.4,99.5866665552939,96.5384458414853,7.48582734086672,3.64181309123871,23.7220479156053,16.9189901464171,20.445433012423,13.5873322550141,15.5070879936598,14.5119400058464,62.6906198293806,67.5739218599231,65.0426269817306,4087843.0
HUN,7.0,3.2312,6.6425,74.0,6.87998980283737,981.423034667969,1979.4033203125,26.8943250179291,263.947113037109,532.34716796875,6.9,79.3,75.8170731707317,72.5,80.586,168.058,23.0,15.6,31.1,1.8,4.4,93.8,99.9999974886679,97.9908733908907,5.87648547244443,2.66613363628863,22.7493030777352,15.198967087612,19.1577253832321,13.3840116827925,15.5450758972744,14.4119922134424,63.8666852394723,69.2559570151136,66.4302824033255,9775564.0
IDN,1.2,0.3777,2.0583,57.0,2.98905447125435,114.971786499023,367.94140625,34.6057176589966,39.7868118286133,127.328758239746,6.3,73.748,71.509,69.375,125.668,177.539,26.4,22.6,30.3,20.7,6.0,73.3,89.3440122284472,73.1283873746602,1.07374094433761,0.638622003478531,6.45814680826873,5.26467180652663,5.85716561272863,26.0798659250084,27.0158765847801,26.5511973052634,67.4619872667228,67.7194516086933,67.5916370820079,267663435.0
IND,0.7,0.7776,2.1071,55.0,3.53495962917805,69.293098449707,253.322418212891,62.4015033245087,43.2399368286133,158.076995849609,10.4,70.692,69.416,68.239,147.161,203.623,23.3,19.8,26.7,26.0,11.3,62.7,92.6746425707427,59.5434482675674,1.07414113739948,0.815471943199711,6.68003729134215,5.71791009752031,6.17995564947149,26.7473382995033,27.3359944031736,27.0533018530221,66.5726244091545,66.946095499306,66.7667424975064,1352617328.0
IRL,2.8,3.0861,14.2949,76.0,7.18438327312469,4976.8623046875,5544.67822265625,12.2811168432236,611.214233398438,680.948425292969,3.2,84.4,82.6073170731707,80.9,41.591,71.299,10.3,8.7,11.9,5.1,4.3,90.6,97.3945446115608,91.2451813113421,3.53762432346675,2.50008058294329,14.5961624807447,13.123424184846,13.8658017012923,20.7215586470117,22.1026245759977,21.4064195870662,64.6822788722436,64.7739512391564,64.7277787116415,4867309.0
IRN,1.5,1.14,1.87,72.0,8.65966379642487,475.479949951172,1748.39575195313,41.7565643787384,198.544067382813,730.070007324219,9.6,77.668,76.479,75.409,49.574,83.386,14.8,13.7,16.0,7.9,10.1,81.9,95.2445448799574,88.4218671015005,0.966979085667083,1.27963766923657,6.01419454548318,6.35132539203477,6.18457380562499,24.0841412922613,24.8605529717368,24.4765586602319,69.9016641622555,68.7881216362284,69.3388675341431,81800269.0
IRQ,1.4,0.8217,1.6799,61.0,4.16663028299809,210.313705444336,494.759704589844,58.0432951450348,122.072998046875,378.342651367188,8.8,72.486,70.454,68.429,129.1,185.811,21.3,18.3,24.6,16.8,28.4,54.7,96.5334783341414,94.1210224523593,0.590288220297314,0.375919297130585,3.70204392029147,2.95401162729999,3.32359966279505,37.7666817258367,38.9919351748788,38.3865654011074,58.5312743538718,58.0540531978212,58.2898349360976,38433600.0
ISL,3.2,3.9701,15.6806,84.0,8.32629129290581,6086.3115234375,4721.42626953125,16.480378806591,1003.04724121094,778.109008789063,5.8,84.3,82.6609756097561,81.1,38.181,65.669,9.1,8.2,9.9,4.4,5.8,89.8,99.9999994306847,98.7821682352681,4.35363279712858,3.11675247056039,15.566234602497,14.0298242499556,14.7950925565689,19.4595819272367,20.2035623409669,19.8323201064408,64.9741834702663,65.7666134090775,65.3725873369903,352721.0
ISR,3.1,3.2176,5.2044,82.0,7.40746408700943,3144.62622070313,3014.64721679688,22.2508862614632,699.707214355469,670.785705566406,9.7,84.8,82.8024390243903,80.9,39.638,70.873,9.6,7.5,11.8,10.0,4.1,85.8,100.000001466914,100.000001466914,3.67980385891828,2.41256950102334,13.2131694048567,10.7260225370316,11.9769860249625,27.0153930234329,28.8458833261398,27.9252464589938,59.7714375717104,60.4280941368286,60.0977675160436,8882800.0
ITA,3.4,4.0931,5.8693,82.0,8.84025916457176,2840.13061523438,3619.69799804688,23.4858065843582,667.027587890625,850.115295410156,5.0,85.2,82.9463414634147,80.8,37.246,65.423,9.5,7.2,12.0,4.9,3.8,91.4,99.4427338843003,98.7724326744163,8.86526233243739,5.4816091504843,25.0790741820344,20.2929080924297,22.7516796025077,12.5856407558645,14.1145794322523,13.3291160906398,62.3352850621012,65.592512475318,63.9192043068525,60421760.0
JAM,1.7,1.3199,1.1397,65.0,5.98841682076454,307.196044921875,542.885803222656,17.2296956181526,52.9289360046387,93.5375671386719,11.3,75.993,74.368,72.787,104.39,175.464,14.7,13.4,16.0,11.2,8.7,80.0,90.6484361806871,87.3126001706103,2.15249763097333,1.93886183636797,9.00534723162312,8.58518250674293,8.79664255070196,23.1351022065791,24.3735475517907,23.7500966830639,67.8595505617978,67.0412699414664,67.4532607662342,2934855.0
JOR,1.4,2.3436,3.3886,76.0,8.11925083398819,340.661804199219,756.659240722656,30.4274260997772,103.654624938965,230.23193359375,12.7,76.175,74.405,72.73,89.001,123.898,19.2,15.6,22.8,10.7,10.9,78.4,98.9372226482137,97.3397541392762,0.671212255739265,0.533540227473842,4.13073075704802,3.56943944073548,3.84649039799834,34.1042508280946,34.3831373608823,34.2454902091433,61.7650184148574,62.0474231983822,61.9080193928583,9956011.0
JPN,13.4,2.4118,11.5184,83.0,10.9359331429005,4168.986328125,4563.45703125,12.8477171063423,535.619567871094,586.299987792969,5.6,87.32,84.2109756097561,81.25,35.709,66.483,8.4,5.7,11.2,12.7,4.8,82.4,99.0102083333333,99.8947075676591,10.5564415152335,6.16625352031787,30.4458755094721,24.5722967908763,27.576369910355,12.0773272381957,13.3454452892656,12.6968488090205,57.4767972523322,62.0822579198581,59.7267812806245,126529100.0
KAZ,6.7,3.2522,8.489,76.0,3.12536172568798,279.645324707031,820.35205078125,33.1494748592377,92.7009658813477,271.942413330078,6.1,77.19,73.15,68.84,94.435,220.812,26.8,18.5,36.8,4.5,9.5,86.0,95.6275072212889,97.8737016782929,2.07007614733361,0.916332598213873,9.25806102256444,5.40948855724081,7.39184627103032,26.8297009570924,30.1928872407803,28.4605497778393,63.9122380203431,64.3976242019789,64.1476039511304,18272430.0
KEN,1.4,0.1988,1.5421,55.0,4.80254329741001,76.6103210449219,158.155654907227,24.0433126688004,18.4196605682373,38.0258560180664,3.1,68.684,66.342,63.965,194.507,264.72,13.4,13.0,13.9,63.3,9.6,27.1,58.9163333889547,29.0511150631439,0.347275825509531,0.192552058492965,2.69850807635466,1.97525843512818,2.33918661191556,39.2117839198079,40.359860787282,39.7821669340692,58.0897080038375,57.6648807775898,57.8786464540153,51393010.0
KGZ,4.5,1.876,6.4299,70.0,6.1858631670475,78.8228378295898,241.248641967773,56.3766300678253,44.4376602172852,136.007858276367,6.1,75.6,71.4,67.4,94.014,210.663,24.9,17.3,33.4,9.6,7.7,82.7,87.4559028992415,96.5070669553914,1.30099525917554,0.613608855615316,5.50598097390977,3.46183380491676,4.49472797559656,31.2638849643653,33.4601505326354,32.3504171141318,63.2301340617249,63.0780156624478,63.1548549102717,6322800.0
KOR,11.5,2.3661,6.9735,86.0,7.60386362671852,2283.07470703125,2980.15795898438,33.6690425872803,768.689453125,1003.39068603516,6.9,85.7,82.6268292682927,79.7,32.342,79.266,7.8,4.7,10.9,10.1,10.0,79.8,99.7876549986742,100.0,4.34970524775619,2.07437979992729,16.5464336522935,12.2976311068865,14.4185558323969,12.5992994566837,13.3461326842197,12.9733235784635,70.8542668910228,74.3562362088939,72.6081205891396,51606633.0
KWT,2.0,2.5789,6.9694,76.0,5.2913848310709,1529.07763671875,3796.71484375,12.6153096556664,192.897872924805,478.96728515625,12.2,76.467,75.398,74.672,41.12,69.179,17.4,14.7,19.1,14.8,12.8,72.4,100.0,100.0,0.257054011900513,0.208429791586201,2.51675801475585,2.57272652396043,2.55047238400198,25.433312635372,18.9753474696152,21.5388880509858,72.0499293498721,78.4519260064244,75.9106395650123,4137309.0
LAO,1.5,0.4997,0.9756,51.0,2.52808686345816,62.1246337890625,177.933731079102,46.1833655834198,28.6912479400635,82.1757888793945,6.4,69.417,67.61,65.838,156.747,205.59,27.0,24.9,29.3,31.4,8.9,59.6,82.0618968646825,74.4594104323402,0.683442955167632,0.454391231103814,4.58090802431827,3.5729969035061,4.0751499644481,32.1351583887368,33.0694210862238,32.6039186819471,63.2839335869449,63.3575820102701,63.3209313536048,7061507.0
LBN,2.9,2.271,2.6448,73.0,8.19554403424263,719.443481445313,1185.3271484375,33.2187473773956,238.990112304688,393.750823974609,11.2,80.821,78.875,77.076,53.338,76.205,17.9,15.2,20.3,3.6,5.8,90.6,92.6,98.4766391682531,1.77056973348772,1.19514163374769,7.6152272281996,6.3980701959834,7.00236813439294,25.2144580885778,26.965022592064,26.0958671652131,67.1703146832226,66.6369072119526,66.901764700394,6848925.0
LBY,3.7,2.1581,6.7416,64.0,6.05012737214565,312.577331542969,627.282470703125,36.6682827472687,114.616744995117,230.013717651367,10.2,75.788,72.724,69.895,99.334,179.566,20.1,15.9,24.4,8.0,20.1,71.9,98.5289473684209,100.0,0.897056923445151,0.623992592236906,4.82590965221267,3.96744520502063,4.39204025898401,27.8636846266666,28.7652522795055,28.3192377277793,67.3104057211208,67.2673025154738,67.2887220132367,6678567.0
LKA,3.6,0.958,2.1155,66.0,3.81142050027847,159.484741210938,503.563262939453,49.7577965259552,79.3560943603516,250.561965942383,10.7,80.121,76.812,73.415,56.065,151.16,17.4,13.2,22.1,7.5,9.7,82.8,89.4162924258355,95.7817263595986,1.91869749493084,1.29445870974455,11.5919898193522,9.26370489550252,10.4732197537841,23.0629761244448,25.4230988416127,24.1970010216799,65.345034056203,65.3131962628847,65.3297792245361,21670000.0
LSO,1.3,0.0676,0.6508,48.0,8.76315832138062,104.552795410156,265.540374755859,16.6426405310631,17.4003448486328,44.1929321289063,4.5,56.954,53.705,50.582,419.363,545.675,26.6,25.2,28.7,59.3,8.3,32.3,68.6499375846189,42.7543201871743,1.26328232695333,0.378519203617924,6.1881942768859,3.57567352454023,4.90108749682213,32.2257635526028,33.2216286238666,32.7163515354347,61.5860421705113,63.2026978515931,62.3825609677432,2108132.0
LUX,4.8,3.0266,12.3496,83.0,5.4810743778944,5782.62841796875,5956.48388671875,10.6895416975021,618.136413574219,636.720825195313,5.0,84.4,82.0951219512195,79.9,41.193,66.343,10.0,7.7,12.2,4.9,6.7,88.4,99.8896031910585,97.6005402087149,5.04580106768937,3.00125284513916,15.7086637847517,12.6842371091418,14.1831541841472,15.6345001302875,16.1190662040104,15.8788239869589,68.6568360849608,71.1966966868477,69.9380218288939,607950.0
MAC,5.29530000686646,1.562,,,,,,,,,4.3,87.051,84.118,81.149,24.487,58.271,,,,,,,100.0,,2.55031799020444,1.57852572027654,10.5570311167426,10.4064670761339,10.4842029270023,12.7521991276591,14.629056346247,13.654066582652,76.6907697555983,74.9644765776191,75.8617304903457,631636.0
MAR,1.1,0.7273,1.0979,70.0,5.24520017206669,161.010864257813,438.091278076172,53.9362132549286,86.8431625366211,236.289855957031,7.0,77.668,76.453,75.19,62.159,72.327,12.4,11.3,13.3,14.0,6.4,79.6,86.7785126631488,88.5036440702561,1.44209979192234,0.895347383480323,7.43326270025623,6.58560766715977,7.0129048211122,26.274403364705,28.1536805386657,27.2063801328554,66.2923339350388,65.2607117941745,65.7807150460324,36029138.0
MDA,5.8,3.2002,4.5113,69.0,7.0129506289959,191.185775756836,476.731414794922,43.6354845762253,83.4248352050781,208.024063110352,5.7,76.074,71.808,67.53,95.579,237.424,24.9,17.3,33.7,4.2,5.7,90.1,89.0556526526621,76.3081992337757,3.09961559530557,1.43488920733009,13.8230125850445,8.91641089892179,11.4695563413512,14.7803012158192,17.031687758394,15.8600908600909,71.3966861991363,74.0519013426842,72.6703527985579,2706049.0
MDG,0.2,0.1812,0.1059,28.0,5.50203807651997,24.6708374023438,85.4875793457031,24.6854111552238,6.09009790420532,21.1029586791992,4.5,68.301,66.681,65.077,181.739,232.545,22.9,21.5,24.5,46.2,10.6,43.2,54.4039816407791,10.5067603950822,0.464329479076306,0.384010504939459,3.2302664149545,2.74200296214863,2.98671712579162,40.2023957830135,41.1361901271892,40.6681505928286,56.567337802032,56.1218069106622,56.3451322813798,26262368.0
MEX,1.5,2.2478,2.9,76.0,5.51654137670994,494.677642822266,1035.58508300781,41.2832766771317,204.219146728516,427.523468017578,13.5,77.844,74.992,72.118,95.815,184.379,15.7,14.1,17.4,9.8,10.3,79.9,99.3182188903489,91.183055555117,1.78072383878986,1.32388392318644,7.77709923612024,6.64569600089072,7.22368498087198,25.421764240814,27.7423327775349,26.5568481908521,66.8011365230658,65.6119712215744,66.2194668282759,126190788.0
MLI,0.1,0.1393,0.382,38.0,3.79398502409458,31.3781051635742,84.162956237793,35.1130127906799,11.0177974700928,29.5521507263184,2.4,59.649,58.893,58.137,244.756,263.613,24.6,26.2,22.6,60.6,8.9,30.5,78.2608295772641,39.3354203409472,0.296138983698029,0.240603953829339,2.81229700467724,2.20301620898723,2.50722975755683,46.7995210976591,48.285490025585,47.5434863934943,50.3881818976637,49.5114937654278,49.9492838489489,19077690.0
MMR,0.9,0.864,0.9794,61.0,4.65907230973244,58.0439567565918,287.640747070313,76.2309670448303,44.2474708557129,219.271331787109,3.9,69.874,66.867,63.761,149.971,247.696,24.2,21.5,27.3,23.6,8.6,67.8,81.7740485261655,64.332684035717,0.986136642569762,0.572078348369102,6.64037031246912,4.86479862125069,5.78464193257209,25.2887729266509,27.5344038256832,26.3710482845116,68.07085676088,67.6007975530661,67.8443097829163,53708395.0
MNG,7.0,2.8866,3.9846,62.0,4.00230102241039,148.784454345703,518.130615234375,32.1524679660797,47.8378753662109,166.591796875,4.7,73.961,69.689,65.631,123.173,288.357,30.2,21.9,38.8,9.7,10.6,79.7,83.3131150071165,58.4793927670345,0.813654453964402,0.443128345443163,4.70686962167869,3.44329268019753,4.08353878726245,29.6477753989988,31.1921431362105,30.4095683070176,65.6453549793225,65.364564183592,65.50689290572,3170208.0
MOZ,0.7,0.0735,0.4436,46.0,4.94119822978973,21.0711555480957,61.7770576477051,7.39533454179764,1.55828249454498,4.56862020492554,3.3,62.966,60.163,57.114,268.188,389.521,18.4,17.4,19.6,65.3,7.8,26.9,55.693975618687,29.3602946452755,0.471233626643576,0.225021068433318,3.49877861128343,2.24584398865302,2.8907644574499,43.3044523700553,46.1200825941274,44.6708001531326,53.1967690186613,51.6340734172195,52.4384353894175,29495962.0
MRT,0.4,0.179,1.0341,41.0,4.40315157175064,48.8171310424805,170.149353027344,49.545481801033,24.1866836547852,84.3013153076172,7.1,66.292,64.704,63.082,176.149,218.359,18.1,18.0,18.3,53.4,9.4,37.2,70.6961876450991,48.4354897706697,0.518632338535914,0.322204696612076,3.63812973283916,2.64756400305051,3.14111215805009,39.5921411110255,40.5707716573922,40.0831828216618,56.7697291561353,56.7816643395573,56.7757050202881,4403319.0
MUS,3.4,2.0246,3.3831,63.0,5.71872070431709,599.699768066406,1278.01147460938,48.8656491041183,293.047180175781,624.508605957031,22.0,77.72,74.4163414634146,71.27,93.506,188.405,22.6,17.5,27.8,6.5,4.8,88.7,99.8663313545971,95.5048377122011,2.59336407111818,1.45222816029278,12.9026922866884,10.0123108071642,11.4741730686522,17.2465498006725,18.3538007820796,17.793692318012,69.8507579126392,71.6338884107562,70.7321346133359,1265303.0
MWI,1.3,0.0157,0.2528,46.0,9.64823141694069,32.2593841552734,114.819000244141,10.5903871357441,3.41639399528503,12.1597766876221,4.5,66.937,63.798,60.651,212.388,325.106,16.4,14.5,18.8,59.7,8.6,31.7,68.8318767609239,26.2261482497524,0.412039067778323,0.205437411186752,3.12854220919166,2.14848960179242,2.64543493031032,42.9772847470101,44.8536558914977,43.9022859066284,53.8941730437982,52.9978545067098,53.4522791630613,18143315.0
MYS,1.9,1.5132,4.0718,73.0,3.85939814150333,384.066070556641,1138.96411132813,37.9471957683563,145.742309570313,432.204925537109,16.7,78.167,75.997,74.075,84.296,160.383,17.2,14.0,20.1,17.5,8.9,73.6,96.6959389054281,99.572036160354,1.13404073113269,1.01429906315504,7.04062039774215,6.32332565248315,6.67175462547886,23.9684217371649,24.0203831921196,23.9951410860297,68.990957865093,69.6562911553973,69.3331042884915,31528585.0
NAM,2.7,0.374,2.775,62.0,8.55095684528351,447.280639648438,895.359558105469,7.73419514298439,34.593563079834,69.2488632202148,4.5,66.18,63.373,60.357,248.938,349.317,21.3,18.7,24.7,49.3,9.8,40.9,82.5410988714744,34.503736926834,0.824916078336921,0.405442660931397,4.4213663722311,2.80049674946105,3.63603168074514,35.8066818836165,38.0844625840246,36.9102491891316,59.7719517441524,59.1150406665143,59.4537191301233,2448255.0
NER,0.3,0.05,0.3109,37.0,7.73996263742447,29.2616500854492,78.8516464233398,47.8285133838654,13.9954128265381,37.7135734558105,2.4,63.212,62.024,60.9,222.743,251.729,20.0,19.8,20.1,62.7,10.4,27.0,50.2730650635092,13.5666596878817,0.267188372592283,0.200988058965605,2.69836532103518,2.49266176691187,2.59500788269853,49.3263218281934,50.6362611129134,49.9843246094453,47.9753128507715,46.8710771201748,47.4206675078562,22442948.0
NGA,0.5,0.3827,1.4524,42.0,3.75553853809834,73.9249801635742,221.095001220703,77.2248029708862,57.0884246826172,170.740188598633,3.1,55.244,54.332,53.45,324.961,364.321,22.5,23.9,20.9,62.7,8.3,29.0,71.376630701811,39.1717540974593,0.241342450383656,0.20061221071083,2.92895294705937,2.57055965650483,2.74737700532743,43.4778083916695,44.2452834067302,43.8666399781742,53.5932386612712,53.184156936765,53.3859830164984,195874740.0
NIC,0.9,1.0056,1.5775,73.0,8.64546522498131,192.083389282227,506.154968261719,32.5990498065948,62.6173629760742,165.001724243164,11.4,77.77,74.275,70.741,102.575,200.678,14.2,13.7,14.8,10.9,12.7,76.4,81.5247635350893,74.4347308149472,1.32977271472668,0.875364918436826,5.91896929118945,4.55657330173087,5.24749744838026,28.9880143258375,31.4506266884784,30.2016811999565,65.0930163829731,63.9928000097908,64.5508213516632,6465513.0
NLD,4.7,3.5067,11.1043,86.0,10.1008348166943,4911.4404296875,5513.10009765625,11.0869333148003,544.528137207031,611.233703613281,5.4,83.4,81.7609756097561,80.2,51.048,65.56,11.2,9.7,12.7,5.2,5.2,89.6,99.9999992834541,97.7136100615755,5.74881365238194,3.64646480347354,20.5999506038654,17.7804563494867,19.1961926333387,15.6065173017198,16.6141236407348,16.1081587098378,63.7935320944148,65.6054200097785,64.6956486568235,17231624.0
NOR,3.9,4.6336,18.1247,87.0,10.4463420808315,7936.375,6518.873046875,14.1772866249084,1125.16259765625,924.199279785156,5.3,84.4,82.8121951219512,81.3,38.861,62.494,9.2,7.7,10.7,7.3,5.6,87.0,100.000004601753,98.0543915037278,5.24231116221977,3.2039950192161,18.5260279050766,15.599985896439,17.0492221563211,17.2579110721912,17.8346209018485,17.5490383783174,64.2160610227322,66.5653932017125,65.4017394653615,5311916.0
NZL,2.8,3.0252,10.955,87.0,9.1700553894043,3937.22192382813,3767.51342773438,13.5770738124847,534.5595703125,511.518096923828,6.2,83.6,81.8585365853659,80.2,52.507,80.56,10.1,8.6,11.6,4.6,6.0,89.5,100.0,100.0,4.28399263136679,3.17823476764377,16.4490802064611,14.8285315947267,15.6524245271741,18.8161001815617,20.51942916912,19.6534314569849,64.7348196119773,64.6520392361532,64.694144015841,4841000.0
OMN,1.6,1.9697,4.3004,69.0,3.849071636796,587.646301269531,1590.84326171875,6.69259130954742,39.3287620544434,106.468635559082,10.1,80.134,77.633,75.89,63.183,101.388,17.8,15.5,19.4,10.5,17.7,71.9,91.9380784188944,99.9999986835267,0.627624486973292,0.29164289654679,3.6554408529362,1.73485788449385,2.39278695625796,31.7991942543444,17.2685606196109,22.2465059852286,64.5453648927194,80.9965814958952,75.3607070585134,4829483.0
PAK,0.6,0.9753,0.5004,45.0,2.89863366633654,44.5929641723633,160.558456420898,60.2368772029877,26.8614082336426,96.7153854370117,19.9,68.109,67.114,66.194,137.509,172.896,24.7,22.6,26.6,34.9,7.3,57.8,91.4654507329944,59.869495032297,0.640955465905393,0.668168493512301,4.34885222794246,4.27875160519086,4.31277431133756,34.960035782404,35.5619530675891,35.2698145995487,60.6911119896536,60.1592953272201,60.4174110891137,212215030.0
PAN,2.3,1.5699,1.41,79.0,7.31949135661125,1112.30322265625,1794.80969238281,33.2700669765472,370.064025878906,597.134399414063,7.7,81.593,78.329,75.235,76.653,148.159,13.0,10.8,15.4,15.6,9.7,74.6,96.3824189477176,83.3154589674842,2.15027042689743,1.69079701355295,8.68335634464581,7.52824765602523,8.10473107966757,26.5295166856802,27.5930922879431,27.0623043241241,64.787126969674,64.8786600560317,64.8329645962083,4176873.0
PER,1.6,1.27,1.35,77.0,4.99515049159527,332.570922851563,681.234558105469,28.1882584095001,93.7459487915039,192.02815246582,6.6,79.28,76.516,73.834,84.815,146.37,12.6,11.2,14.1,20.3,10.5,69.2,91.1278709709881,74.3429565941762,1.90024292853648,1.46155999397479,8.57111469284798,7.59953034594529,8.08839279183076,25.4123692965853,26.1736709086728,25.7906028460802,66.0165160105667,66.2267987453819,66.121004362089,31989256.0
PHL,1.0,1.275,0.24,61.0,4.44640778005123,132.900985717773,371.742340087891,53.045779466629,70.4983596801758,197.193634033203,7.1,75.387,71.095,67.123,130.91,235.071,26.8,21.0,32.8,25.2,7.5,67.3,93.568376039874,76.5335020674233,1.04925957731597,0.529499112361671,5.97300619445694,4.28104784101661,5.12256876829946,30.3130785384273,31.6061930154094,30.9630402017999,63.7139152671157,64.112759143574,63.9143910299006,106651922.0
PNG,4.0241999626,0.0529,0.5125,40.0,2.46927607804537,61.4578399658203,103.899589538574,8.99854451417923,5.5303111076355,9.34945011138916,17.9,65.576,64.263,63.039,187.7,251.144,30.0,26.6,33.6,36.1,8.0,55.9,41.3270494165713,12.9492669676698,0.395691298137517,0.301746207625705,3.76141670489341,3.14197165898717,3.44526925145617,35.3543553926763,36.2587659276761,35.8159344007888,60.8842279024303,60.5992624133368,60.738796347755,8606316.0
POL,6.5,2.3998,5.7221,75.0,6.5419539809227,906.820129394531,1958.16760253906,23.0497926473618,209.020156860352,451.353546142578,6.1,81.8,77.7536585365854,73.9,61.842,160.653,18.7,12.4,25.3,5.0,4.7,90.3,99.7246825407346,98.7966102160572,6.02310669715736,2.90312619081144,20.6154300891841,14.2234217416407,17.5178167625452,14.2320242281192,15.9246376723283,15.052276813695,65.1525456826967,69.851940586031,67.4299064237598,37974750.0
PRI,3.3199999332,1.75,,,,,,,,,13.7,83.382,79.7781951219512,76.346,63.033,146.208,,,,,,,97.1247906621916,97.1705527086894,5.79355342124807,3.81727029057804,20.7999011461031,16.3349306661611,18.6748502103569,15.5528667630116,18.2490317063417,16.8360861114438,63.6472320908854,65.4160376274972,64.4890636781993,3195153.0
PRT,3.4,3.3356,6.3725,82.0,8.96957442164421,1908.03393554688,2917.35571289063,27.5320798158646,525.321472167969,803.208679199219,9.8,84.9,81.7243902439025,78.7,42.442,103.994,11.1,7.0,15.5,10.2,4.2,85.6,99.9076602092441,99.6089231422543,7.75348486193732,4.92825496004909,24.1733811299535,19.4845639709424,21.9538575375873,12.4420854420078,14.5880412837076,13.4579078221324,63.3845334280387,65.9273947453501,64.5882346402803,10283822.0
PRY,1.3,1.366,1.1669,69.0,6.65456876158714,381.113067626953,866.626953125,44.1762536764145,168.361480712891,382.843292236328,9.6,76.25,74.131,72.159,120.525,163.978,17.5,16.3,18.7,13.7,12.0,74.4,99.6101977284878,89.7836914311379,1.40835678059795,1.01873058586409,6.82476265128604,6.04882770920052,6.43021500946081,29.2786236991887,29.5970171744864,29.4405055961229,63.8966136495253,64.3541551163131,64.1292793944163,6956071.0
PSE,1.2000000477,0.837,,,,,,,,,9.5,75.595,73.895,72.263,92.308,126.513,,,,,,,96.8268962441673,96.9390069116479,0.498672779268232,0.345939397968959,3.35141491620002,2.92124800891261,3.13330573708009,38.6508960878599,39.2353981181513,38.9473612779327,57.9976889959401,57.8433538729361,57.9193329849872,4569087.0
QAT,1.2,0.0008,6.6028,68.0,2.60742865502834,1649.18615722656,3354.3779296875,8.902657777071,146.821411132813,298.628784179688,15.6,81.876,80.1,78.981,31.873,41.498,15.3,13.7,16.0,5.2,25.9,68.9,99.5681019362621,100.0,0.282074199309931,0.0873684295727136,1.71284494284402,1.25862912030228,1.3700703387375,27.1055400722944,9.13197679761139,13.5407641851225,71.1816149848616,89.6093940820863,85.08916547614,2781677.0
ROU,6.3,2.2586,6.0979,74.0,5.15788830816746,555.104736328125,1367.79187011719,20.4880461096764,113.730110168457,280.233856201172,6.9,79.2,75.409756097561,71.8,73.319,171.82,21.4,13.9,29.3,4.2,3.6,92.2,100.0,84.3099243448145,5.99391902301779,3.42296861334011,21.4068023029471,15.0999115683236,18.3387013938296,14.7086713581511,16.4063781649516,15.5345549605626,63.8845263389018,68.4937102667248,66.1267436456077,19466145.0
RUS,8.2,4.0139,8.6212,74.0,5.34457787871361,585.873229980469,1404.21667480469,40.4930830001831,237.238128662109,568.610595703125,6.1,77.81,72.6573170731707,67.75,120.336,321.526,25.4,16.1,36.5,4.8,7.8,87.4,97.089911200025,90.4822246231903,5.26351835803256,2.03218740166955,18.3652394061229,10.4025045955845,14.6747083203719,16.260080389547,19.8287833528699,17.9140805801319,65.3746802043301,69.7687120515456,67.4112110994962,144478050.0
RWA,1.6,0.1346,0.8307,57.0,6.57159835100174,49.2044563293457,134.371490478516,6.24799951910973,3.074294090271,8.39553070068359,5.1,70.784,68.7,66.518,161.59,216.342,18.2,17.0,19.6,42.4,13.5,44.0,57.7132785349129,66.5738423996839,0.441287970807325,0.283653239332565,3.39993594284209,2.46024148324821,2.9381960775388,39.2114512718095,40.7665634914609,39.9755730179801,57.3886127853484,56.7731950252909,57.0862309044811,12301939.0
SAU,2.7,2.39,5.7,74.0,5.23025318980217,1093.40551757813,2826.33447265625,16.8597862124443,184.345855712891,476.513977050781,15.8,76.615,74.998,73.799,76.148,91.872,16.4,14.2,17.8,10.6,16.3,73.2,100.0,100.0,0.6139560660256,0.393734479827539,3.65008481749681,3.06543640838103,3.31408802294981,29.0061998175377,22.1097577523017,25.0428481279098,67.3437153649655,74.8248058393173,71.6430638491404,33699947.0
SDN,0.8,0.41,0.83,44.0,6.34180754423141,193.793045043945,313.680725097656,72.4796652793884,140.460556030273,227.354751586914,22.1,66.947,65.095,63.277,187.141,244.878,26.0,24.3,27.8,35.2,12.6,52.2,60.2670911611228,36.5750324901267,0.55897573806011,0.438399677869001,3.82852564454935,3.33331641200547,3.58116052825144,39.9055504468183,41.1131947757539,40.5087918665567,56.2659239086324,55.5534888122406,55.9100476051919,41801533.0
SGP,2.4,2.3063,7.2141,86.0,4.44038286805153,2618.71240234375,4269.9580078125,32.1252405643463,841.267700195313,1371.73425292969,5.5,85.4,83.1463414634146,81.0,34.939,59.839,9.3,6.9,11.8,22.7,3.7,73.6,100.0,100.0,2.77748824855553,1.57583077961962,12.7534423404781,10.2886097455356,11.4633801933791,12.5482977260982,12.0324795882645,12.2782826362627,74.6982599334237,77.6789106661999,76.2583371703582,5638676.0
SLE,0.4,0.025,0.9962,39.0,13.4209275245667,66.4021835327148,205.361297607422,50.4125535488129,33.4750366210938,103.527870178223,2.4,55.106,54.309,53.468,353.346,392.263,30.5,32.6,28.2,57.9,8.9,33.2,60.8069869359389,15.6526615756648,0.428234027548853,0.276193937989888,3.37999745458946,2.55123634721658,2.96655621131612,40.8999225944827,41.220064903872,41.0596393534767,55.7200799509278,56.2286987489114,55.9738044352072,7650154.0
SLV,1.3,1.569,2.278,76.0,7.22756013274193,282.491027832031,582.735778808594,29.1964501142502,82.4773559570313,170.138168334961,8.8,77.635,73.096,68.229,103.299,268.447,14.0,13.1,15.1,10.8,15.4,73.8,97.3883749714943,87.4335666680769,2.03761415377831,1.64624432140546,9.04192930148327,7.43239831678419,8.28709000480629,24.9907339856295,29.5567606998075,27.1320809139623,65.9673367128873,63.0108409834083,64.5808290812314,6420744.0
SMR,3.8,6.1468,8.7768,,7.36408308148384,3361.64477539063,4369.72412109375,17.3339992761612,582.70751953125,757.447937011719,5.9,86.8,85.4170731707317,84.1,,,,,,,,,100.0,100.0,,,,,,,,,,,,33785.0
SRB,5.7,3.125,6.1203,65.0,8.43395814299583,528.545166015625,1382.16259765625,41.7523622512817,220.680068969727,577.085571289063,9.0,78.1,75.5390243902439,73.1,74.794,141.791,19.1,13.7,24.6,2.4,3.0,94.6,85.5221162874491,97.5671990309622,4.89551454243343,3.14271266676729,20.4767218606474,16.1276022629553,18.3457926916963,14.8574712336456,16.5560159337055,15.6896807521828,64.6658069057069,67.3163818033392,65.964526556121,6982604.0
SSD,,,,31.0,9.76099446415901,22.8885726928711,175.767303466797,19.1928148269653,4.3929615020752,33.734691619873,10.2,59.135,57.604,56.115,300.898,350.689,19.8,19.5,20.0,63.4,9.3,27.3,40.6760121501644,11.3216843085857,0.51462968657159,0.388347711659607,3.66459815369442,3.13283417911366,3.39848287985152,41.342465283743,42.296911678978,41.8201214348455,54.9929365625626,54.5702541419083,54.7813956853029,10975920.0
SVK,5.8,2.4643,9.1727,77.0,6.74253478646278,1186.13635253906,2184.20288085938,18.7131851911545,221.963882446289,408.73388671875,6.5,80.7,77.1658536585366,73.8,64.214,144.821,17.2,11.2,23.6,4.8,6.0,89.2,99.7877341102388,97.938130390532,4.38090822321796,2.06381765565781,18.4668768003292,12.6345707923298,15.629246504777,14.6882215605139,16.2460255757521,15.4461367603311,66.8449016391569,71.1194036319181,68.9246167348919,5446771.0
SVN,4.6,2.9953,9.68,79.0,8.18701758980751,1920.28186035156,2960.59326171875,12.3281687498093,236.735565185547,364.986938476563,5.9,84.0,81.0292682926829,78.2,45.488,90.934,12.7,8.9,16.4,5.0,6.6,88.4,99.5350255053679,99.1095679283407,7.13592646834857,3.49460207404943,22.4262533129377,16.7599289240034,19.6068796541788,14.5108346352009,15.5375726792691,15.0217750478021,63.0629120518614,67.7024983967275,65.3713452980191,2073894.0
SWE,2.6,5.3996,11.5434,86.0,11.0187463462353,5904.583984375,5699.60693359375,15.0326043367386,887.612731933594,856.799377441406,4.8,84.1,82.5121951219512,81.0,38.431,62.062,9.1,7.6,10.7,5.2,4.9,89.9,100.000002463404,99.2955203776241,6.26245881863494,4.08274767181263,21.5816856771574,18.6127365202349,20.0955249278002,17.1257053638979,18.0368054155876,17.5817854599214,61.2926089589447,63.3504580641775,62.3226896122783,10175214.0
SWZ,2.1,0.0796,2.0,63.0,6.93037807941437,224.736770629883,600.116760253906,10.4967460036278,23.5900497436523,62.9927291870117,4.5,63.968,59.401,55.284,309.883,479.936,26.7,24.4,29.8,53.7,9.6,36.7,69.0086551447465,58.3519832910244,0.931017632727223,0.27689602617271,5.02381312887996,2.95451843151102,4.01458794083506,36.9865724235709,39.2952752926595,38.1124915403848,57.9896144475492,57.7502062758295,57.8729205187801,1136191.0
SYC,3.6,0.9458,3.2613,71.0,5.0067350268364,791.656677246094,1485.47375488281,24.599426984787,194.74299621582,365.418029785156,12.3,77.4,72.8414634146341,68.5,97.723,201.609,21.2,13.2,28.7,11.9,7.3,80.8,96.2490125588016,100.0,2.44491014161428,1.01297815577799,8.93926885544336,6.31857661524883,7.59454560435034,23.6616498380644,23.6114175676489,23.6353711790393,67.3990813064922,70.0700058171023,68.7700832166104,96762.0
SYR,1.5,1.22,1.46,60.0,3.56564745306969,69.8921890258789,159.720306396484,53.6898612976074,37.5250205993652,85.7536163330078,13.5,77.763,71.779,66.578,73.258,237.292,21.8,18.7,24.9,5.1,49.8,45.1,97.2165062080837,91.2228713963244,0.904709829311499,0.689897816477938,4.87766390172596,4.1314377106432,4.50312442147583,30.9000338701979,31.9391444956634,31.4215408068559,64.2223022280761,63.9294177936934,64.0753347716682,16906283.0
TCD,0.4,0.0475,0.3637,28.0,4.48730140924454,29.730863571167,87.2985458374023,58.0231606960297,17.2507877349854,50.6533737182617,6.0,55.4,53.977,52.577,335.378,377.607,23.9,23.7,24.2,63.4,9.3,27.3,38.7005994293504,8.34248327844754,0.360835727122948,0.265347333835293,2.692245772835,2.26807251567264,2.48051894434901,46.8496662282424,47.4038611014141,47.126299988842,50.4580879989226,50.3280663829133,50.393181066809,15477751.0
THA,2.1,0.8096,2.9647,80.0,3.74601632356644,247.035110473633,670.877075195313,11.1465625464916,27.5359210968018,74.7797317504883,7.0,80.704,76.931,73.228,77.992,186.853,14.5,11.0,18.3,15.8,10.2,74.0,99.9307115766019,98.7507346105258,2.98745031228904,2.07568057408385,13.070383428671,10.6706231138268,11.9008931395893,16.1852053159386,18.0356384677442,17.0869888171064,70.7444112553905,71.293738418429,71.0121180433042,69428524.0
TTO,3.0,2.6697,3.5093,74.0,6.97873532772064,1124.09167480469,2205.806640625,39.7774338722229,447.134826660156,877.413269042969,11.0,76.092,73.38,70.751,108.616,186.336,21.3,18.0,24.6,9.0,10.3,80.7,98.1849620593945,93.3989059531058,2.23810654792296,1.42929538577141,11.7247087702432,9.7208104825674,10.7349535163324,19.8768664517258,20.9756197011222,20.419572570427,68.3984247780311,69.3035698163104,68.8454739132406,1389858.0
TUN,2.3,1.2722,2.6351,70.0,7.23245739936829,250.562225341797,863.290771484375,39.1201615333557,98.0203475952148,337.720703125,8.5,78.536,76.505,74.493,67.321,106.668,16.1,12.2,20.2,7.8,6.4,85.8,96.2547036371253,90.9213974244787,2.00762571361418,1.43186270028632,9.08001993431004,7.53854994832559,8.31567907898877,23.2036020276492,25.1528599571113,24.1701203463736,67.7163780380408,67.3085900945631,67.5142005746377,11565204.0
TUR,2.7,1.7605,2.6304,74.0,4.21630293130875,444.653686523438,1180.64184570313,17.3842012882233,77.2994918823242,205.245147705078,11.1,80.336,77.437,74.447,62.33,119.237,16.1,11.3,21.5,4.4,6.2,89.4,98.8757181526111,97.2972339627788,2.09672332281534,1.25823609528756,9.61982576896459,7.31500024881849,8.4832129399716,23.769858803014,25.5534278557979,24.6494101390807,66.6103154280214,67.1315718953836,66.8673769209477,82319724.0
TWN,,,,,,,,,,,,,,,,,,,,,,,,,,,,,,,,,,,,
TZA,0.7,0.0399,0.4126,43.0,3.6454513669014,33.916576385498,104.313980102539,24.0961372852325,8.17258453369141,25.1356430053711,5.7,66.824,65.015,63.17,193.172,249.798,17.9,17.4,18.5,55.8,11.2,32.9,56.7264503174468,29.9134390163845,0.356024144090241,0.195733816230634,3.01145825320924,2.19033734219814,2.60129917835952,43.5590592705853,44.6384698006925,44.0982381505459,53.4294824762055,53.1711928571093,53.3004626710946,56318348.0
UGA,0.5,0.0908,0.6303,45.0,6.18775598704815,38.426441192627,121.151786804199,39.0714079141617,15.0137519836426,47.3357086181641,2.5,65.173,62.973,60.655,233.267,302.371,21.9,20.3,23.8,54.5,12.7,32.9,49.1040323869049,18.4723181554851,0.276030832599754,0.135478194761969,2.30407943316335,1.566526354776,1.94098692046317,45.7995844143058,48.0968083105971,46.9305251819863,51.8963361525308,50.3366653346269,51.1284878975505,42723139.0
UKR,8.8,3.0075,7.0576,68.0,6.99532032012939,177.408889770508,584.591369628906,52.3169219493866,92.8148727416992,305.840209960938,6.1,76.72,71.5826829268293,66.69,111.279,292.069,24.7,16.2,35.1,4.1,5.0,91.0,93.7908201106734,96.2243559906192,5.60474030328313,2.37050281262019,20.3603891378939,11.883205000578,16.4346864392016,14.2859452168064,17.5822031798622,15.8124131732483,65.3536656452997,70.5345918195597,67.7529003875501,44622516.0
URY,2.8,5.0499,1.9299,80.0,9.29621160030365,1591.533203125,2101.91137695313,17.5494343042374,279.305053710938,368.87353515625,7.3,81.359,77.77,73.958,76.015,139.322,16.7,12.5,21.4,7.6,7.5,84.9,99.4023635004942,96.59619233959,6.07614463017916,2.71338358362398,17.4848909152669,11.9549212617339,14.8145195308593,19.4845254497412,21.8108960501158,20.6079810743386,63.0305836349919,66.2341826881503,64.5774993948021,3449299.0
USA,2.9,2.5948,8.55,84.0,17.0612692832947,10246.138671875,10246.138671875,10.9929218888283,1126.34997558594,1126.34997558594,10.8,81.1,78.5390243902439,76.1,81.935,139.141,14.6,11.8,17.5,5.2,6.6,88.3,99.2691920708955,99.9700187653163,4.64999078966128,3.10021645542017,17.3183560235252,14.2651769230979,15.8076540556035,18.1048535943438,19.3259514439618,18.7090399824651,64.576790382131,66.4088716329403,65.4833059619314,326687501.0
UZB,4.0,2.3685,12.0739,73.0,6.41438513994217,98.824577331543,447.872192382813,53.431361913681,52.8033180236816,239.304214477539,6.5,73.676,71.573,69.445,100.911,169.704,24.5,19.6,29.7,10.3,6.0,83.7,97.8334527096866,100.0,1.04558665702455,0.628220928301695,4.98750669804962,3.84753592906095,4.4191378781364,27.8447802809419,29.5321019714877,28.6860574147675,67.1677130210085,66.6203620994513,66.8948047070961,32955400.0
VEN,0.8,1.924,1.1223,74.0,1.18121011182666,94.229377746582,141.022201538086,62.9878759384155,59.353084564209,88.8268890380859,7.0,76.074,72.128,68.398,94.804,206.678,18.1,14.5,21.8,11.3,19.2,69.5,95.7237113191832,93.9350190169228,1.6479211108011,1.04285028681766,7.98845847421073,6.52812064097037,7.26698662012597,26.7442651479791,28.6112785495842,27.6666505810652,65.2672763778101,64.8606008094454,65.0663627988088,28870195.0
VNM,2.6,0.8199,1.4321,75.0,5.53212836384773,129.575958251953,375.643249511719,45.2579379081726,58.6434097290039,170.008392333984,6.0,79.442,75.317,71.207,76.363,188.583,17.1,11.5,23.4,11.5,11.3,77.2,94.7188056062128,83.5150494720583,2.63474876629828,1.27901625272562,8.85851161477899,5.68513188016056,7.2749782978793,21.9075528837872,24.4428519583873,23.1726768317012,69.2339355014338,69.8720161614521,69.5523448704195,95540395.0
ZAF,2.8,0.9101,3.5171,69.0,8.11311826109886,499.237548828125,1097.81921386719,7.7669233083725,38.775390625,85.2667694091797,12.7,67.398,63.857,60.463,248.816,376.404,26.2,21.2,32.3,39.6,9.1,51.3,92.6787019365247,75.7470984022963,0.973071799103723,0.463872849967536,6.32929983919748,4.27792953685043,5.31800500542302,28.3612038695412,29.8182111565665,29.0794891477129,65.3094962912614,65.9038593065831,65.6025058468641,57779622.0
ZMB,2.0,0.0913,0.8925,53.0,4.47034128010273,67.6486663818359,180.270660400391,11.8491314351559,8.01577949523926,21.3605079650879,4.5,66.447,63.51,60.533,221.573,321.143,17.9,17.4,18.5,60.6,10.2,29.2,59.9637565087881,26.370118490977,0.351255165105907,0.154686513601366,2.53061227284976,1.66007452379009,2.09967802593266,44.105812779342,45.7831336521512,44.9361411568244,53.3635749478082,52.5567918240588,52.9641808172429,17351822.0
ZWE,,,,,,,,,,,,,,,,,,,,,,,,,,,,,,,,,,,,
